{"RuleTriggered": 0, "Violations": 298, "Details": {"low_gpu_utilization": 646, "bottlenecks": {"1640188644.765368": {"GPUs": 1, "CPUs": 1}, "1640188645.2639": {"GPUs": 1, "CPUs": 2}, "1640188645.766296": {"GPUs": 1, "CPUs": 1}, "1640188650.263874": {"GPUs": 1, "CPUs": 2}, "1640188664.76391": {"GPUs": 1, "CPUs": 1}, "1640188665.263972": {"GPUs": 1, "CPUs": 2}, "1640188665.763913": {"GPUs": 1, "CPUs": 3}, "1640188666.263894": {"GPUs": 1, "CPUs": 4}, "1640188668.263907": {"GPUs": 1, "CPUs": 1}, "1640188670.26389": {"GPUs": 1, "CPUs": 3}, "1640188670.763896": {"GPUs": 1, "CPUs": 3}, "1640188671.263893": {"GPUs": 1, "CPUs": 2}, "1640188671.763873": {"GPUs": 1, "CPUs": 1}, "1640188672.264595": {"GPUs": 1, "CPUs": 2}, "1640188673.263916": {"GPUs": 1, "CPUs": 1}, "1640188673.76529": {"GPUs": 1, "CPUs": 1}, "1640188674.263868": {"GPUs": 1, "CPUs": 2}, "1640188674.764278": {"GPUs": 1, "CPUs": 2}, "1640188675.263868": {"GPUs": 1, "CPUs": 2}, "1640188675.763881": {"GPUs": 1, "CPUs": 2}, "1640188677.7653": {"GPUs": 1, "CPUs": 1}, "1640188678.26611": {"GPUs": 1, "CPUs": 1}, "1640188678.763875": {"GPUs": 1, "CPUs": 2}, "1640188679.263931": {"GPUs": 1, "CPUs": 2}, "1640188680.809397": {"GPUs": 1, "CPUs": 1}, "1640188682.266137": {"GPUs": 1, "CPUs": 1}, "1640188683.265494": {"GPUs": 1, "CPUs": 1}, "1640188683.763935": {"GPUs": 1, "CPUs": 3}, "1640188684.26389": {"GPUs": 1, "CPUs": 1}, "1640188684.763907": {"GPUs": 1, "CPUs": 1}, "1640188685.26389": {"GPUs": 1, "CPUs": 2}, "1640188685.763884": {"GPUs": 1, "CPUs": 1}, "1640188687.264596": {"GPUs": 1, "CPUs": 1}, "1640188689.264033": {"GPUs": 1, "CPUs": 1}, "1640188689.763872": {"GPUs": 1, "CPUs": 1}, "1640188691.763885": {"GPUs": 1, "CPUs": 1}, "1640188692.263871": {"GPUs": 1, "CPUs": 1}, "1640188692.763887": {"GPUs": 1, "CPUs": 1}, "1640188693.263881": {"GPUs": 1, "CPUs": 1}, "1640188693.763872": {"GPUs": 1, "CPUs": 1}, "1640188694.263859": {"GPUs": 1, "CPUs": 1}, "1640188694.763902": {"GPUs": 1, "CPUs": 1}, "1640188695.763896": {"GPUs": 1, "CPUs": 2}, "1640188696.263842": {"GPUs": 1, "CPUs": 2}, "1640188696.763891": {"GPUs": 1, "CPUs": 2}, "1640188697.263875": {"GPUs": 1, "CPUs": 2}, "1640188697.763895": {"GPUs": 1, "CPUs": 2}, "1640188698.263873": {"GPUs": 1, "CPUs": 1}, "1640188698.763914": {"GPUs": 1, "CPUs": 1}, "1640188699.263902": {"GPUs": 1, "CPUs": 1}, "1640188699.763816": {"GPUs": 1, "CPUs": 1}, "1640188703.763867": {"GPUs": 1, "CPUs": 2}, "1640188704.263864": {"GPUs": 1, "CPUs": 2}, "1640188704.764474": {"GPUs": 1, "CPUs": 2}, "1640188705.264625": {"GPUs": 1, "CPUs": 3}, "1640188705.763876": {"GPUs": 1, "CPUs": 3}, "1640188706.264614": {"GPUs": 1, "CPUs": 3}, "1640188706.763872": {"GPUs": 1, "CPUs": 2}, "1640188707.263897": {"GPUs": 1, "CPUs": 1}, "1640188707.763882": {"GPUs": 1, "CPUs": 2}, "1640188708.263907": {"GPUs": 1, "CPUs": 2}, "1640188708.763903": {"GPUs": 1, "CPUs": 2}, "1640188714.764594": {"GPUs": 1, "CPUs": 1}, "1640188715.263873": {"GPUs": 1, "CPUs": 1}, "1640188719.763875": {"GPUs": 1, "CPUs": 2}, "1640188720.26388": {"GPUs": 1, "CPUs": 1}, "1640188720.763877": {"GPUs": 1, "CPUs": 1}, "1640188721.263874": {"GPUs": 1, "CPUs": 1}, "1640188721.763882": {"GPUs": 1, "CPUs": 1}, "1640188722.263883": {"GPUs": 1, "CPUs": 1}, "1640188722.763883": {"GPUs": 1, "CPUs": 1}, "1640188726.76395": {"GPUs": 1, "CPUs": 1}, "1640188737.763872": {"GPUs": 1, "CPUs": 2}, "1640188738.263901": {"GPUs": 1, "CPUs": 2}, "1640188739.263863": {"GPUs": 1, "CPUs": 1}, "1640188739.763882": {"GPUs": 1, "CPUs": 1}, "1640188740.263901": {"GPUs": 1, "CPUs": 1}, "1640188740.763878": {"GPUs": 1, "CPUs": 1}, "1640188741.263897": {"GPUs": 1, "CPUs": 3}, "1640188741.763871": {"GPUs": 1, "CPUs": 3}, "1640188742.264614": {"GPUs": 1, "CPUs": 4}, "1640188742.763871": {"GPUs": 1, "CPUs": 2}, "1640188743.263875": {"GPUs": 1, "CPUs": 1}, "1640188744.263858": {"GPUs": 1, "CPUs": 2}, "1640188744.76389": {"GPUs": 1, "CPUs": 1}, "1640188745.263862": {"GPUs": 1, "CPUs": 1}, "1640188745.763892": {"GPUs": 1, "CPUs": 1}, "1640188746.263878": {"GPUs": 1, "CPUs": 2}, "1640188746.763884": {"GPUs": 1, "CPUs": 1}, "1640188753.26387": {"GPUs": 1, "CPUs": 1}, "1640188753.764695": {"GPUs": 1, "CPUs": 1}, "1640188755.763881": {"GPUs": 1, "CPUs": 1}, "1640188756.263882": {"GPUs": 1, "CPUs": 1}, "1640188756.763882": {"GPUs": 1, "CPUs": 1}, "1640188757.263881": {"GPUs": 1, "CPUs": 2}, "1640188757.763885": {"GPUs": 1, "CPUs": 1}, "1640188758.263831": {"GPUs": 1, "CPUs": 1}, "1640188758.763879": {"GPUs": 1, "CPUs": 1}, "1640188759.263886": {"GPUs": 1, "CPUs": 1}, "1640188759.763909": {"GPUs": 1, "CPUs": 1}, "1640188770.763875": {"GPUs": 1, "CPUs": 1}, "1640188772.763884": {"GPUs": 1, "CPUs": 1}, "1640188773.263863": {"GPUs": 1, "CPUs": 1}, "1640188774.26386": {"GPUs": 1, "CPUs": 1}, "1640188774.763869": {"GPUs": 1, "CPUs": 1}, "1640188775.263871": {"GPUs": 1, "CPUs": 1}, "1640188775.763865": {"GPUs": 1, "CPUs": 1}, "1640188776.263873": {"GPUs": 1, "CPUs": 1}, "1640188776.763867": {"GPUs": 1, "CPUs": 1}, "1640188777.263869": {"GPUs": 1, "CPUs": 1}, "1640188777.76388": {"GPUs": 1, "CPUs": 1}, "1640188778.263865": {"GPUs": 1, "CPUs": 1}, "1640188778.763871": {"GPUs": 1, "CPUs": 1}, "1640188779.263866": {"GPUs": 1, "CPUs": 1}, "1640188779.763864": {"GPUs": 1, "CPUs": 2}, "1640188780.263882": {"GPUs": 1, "CPUs": 1}, "1640188792.263893": {"GPUs": 1, "CPUs": 1}, "1640188793.26388": {"GPUs": 1, "CPUs": 1}, "1640188793.764007": {"GPUs": 1, "CPUs": 1}, "1640188794.263878": {"GPUs": 1, "CPUs": 1}, "1640188794.763889": {"GPUs": 1, "CPUs": 1}, "1640188796.263882": {"GPUs": 1, "CPUs": 1}, "1640188796.763905": {"GPUs": 1, "CPUs": 1}, "1640188801.764267": {"GPUs": 1, "CPUs": 1}, "1640188802.263876": {"GPUs": 1, "CPUs": 1}, "1640188802.76447": {"GPUs": 1, "CPUs": 1}, "1640188805.763903": {"GPUs": 1, "CPUs": 1}, "1640188809.763876": {"GPUs": 1, "CPUs": 1}, "1640188811.763887": {"GPUs": 1, "CPUs": 1}, "1640188812.264457": {"GPUs": 1, "CPUs": 1}, "1640188815.7644": {"GPUs": 1, "CPUs": 1}, "1640188819.763915": {"GPUs": 1, "CPUs": 1}, "1640188820.763872": {"GPUs": 1, "CPUs": 1}, "1640188823.76385": {"GPUs": 1, "CPUs": 1}, "1640188824.263887": {"GPUs": 1, "CPUs": 1}, "1640188828.763869": {"GPUs": 1, "CPUs": 1}, "1640188832.263883": {"GPUs": 1, "CPUs": 1}, "1640188843.263882": {"GPUs": 1, "CPUs": 1}, "1640188846.2639": {"GPUs": 1, "CPUs": 1}, "1640188848.26388": {"GPUs": 1, "CPUs": 1}, "1640188849.764042": {"GPUs": 1, "CPUs": 1}, "1640188853.263882": {"GPUs": 1, "CPUs": 1}, "1640188855.763908": {"GPUs": 1, "CPUs": 1}, "1640188856.763934": {"GPUs": 1, "CPUs": 1}, "1640188859.263877": {"GPUs": 1, "CPUs": 1}, "1640188859.763912": {"GPUs": 1, "CPUs": 1}, "1640188862.263875": {"GPUs": 1, "CPUs": 1}, "1640188863.263915": {"GPUs": 1, "CPUs": 1}, "1640188864.264507": {"GPUs": 1, "CPUs": 1}, "1640188865.763882": {"GPUs": 1, "CPUs": 1}, "1640188868.26387": {"GPUs": 1, "CPUs": 1}, "1640188870.263896": {"GPUs": 1, "CPUs": 1}, "1640188871.263872": {"GPUs": 1, "CPUs": 1}, "1640188872.763903": {"GPUs": 1, "CPUs": 1}, "1640188873.766784": {"GPUs": 1, "CPUs": 1}, "1640188874.764427": {"GPUs": 1, "CPUs": 1}, "1640188875.2639": {"GPUs": 1, "CPUs": 1}, "1640188876.263907": {"GPUs": 1, "CPUs": 1}, "1640188879.263876": {"GPUs": 1, "CPUs": 1}, "1640188881.763882": {"GPUs": 1, "CPUs": 1}, "1640188884.764419": {"GPUs": 1, "CPUs": 1}, "1640188885.763887": {"GPUs": 1, "CPUs": 1}, "1640188890.263921": {"GPUs": 1, "CPUs": 1}, "1640188890.763887": {"GPUs": 1, "CPUs": 1}, "1640188891.2639": {"GPUs": 1, "CPUs": 1}, "1640188891.763881": {"GPUs": 1, "CPUs": 1}, "1640188892.763877": {"GPUs": 1, "CPUs": 1}, "1640188893.264524": {"GPUs": 1, "CPUs": 1}, "1640188893.764099": {"GPUs": 1, "CPUs": 1}, "1640188897.764398": {"GPUs": 1, "CPUs": 1}, "1640188898.763884": {"GPUs": 1, "CPUs": 1}, "1640188899.265985": {"GPUs": 1, "CPUs": 1}, "1640188900.263882": {"GPUs": 1, "CPUs": 1}, "1640188902.763905": {"GPUs": 1, "CPUs": 1}, "1640188904.763898": {"GPUs": 1, "CPUs": 1}, "1640188906.763872": {"GPUs": 1, "CPUs": 1},