{"RuleTriggered": 0, "Violations": 87, "Details": {"low_gpu_utilization": 646, "bottlenecks": {"1640188673.76529": {"GPUs": 1, "CPUs": 2}, "1640188674.263868": {"GPUs": 1, "CPUs": 3}, "1640188674.764278": {"GPUs": 1, "CPUs": 2}, "1640188675.263868": {"GPUs": 1, "CPUs": 2}, "1640188675.763881": {"GPUs": 1, "CPUs": 2}, "1640188676.263908": {"GPUs": 1, "CPUs": 1}, "1640188691.763885": {"GPUs": 1, "CPUs": 1}, "1640188692.263871": {"GPUs": 1, "CPUs": 1}, "1640188692.763887": {"GPUs": 1, "CPUs": 1}, "1640188693.263881": {"GPUs": 1, "CPUs": 1}, "1640188693.763872": {"GPUs": 1, "CPUs": 1}, "1640188694.263859": {"GPUs": 1, "CPUs": 1}, "1640188694.763902": {"GPUs": 1, "CPUs": 1}, "1640188695.263881": {"GPUs": 1, "CPUs": 3}, "1640188695.763896": {"GPUs": 1, "CPUs": 2}, "1640188696.263842": {"GPUs": 1, "CPUs": 3}, "1640188696.763891": {"GPUs": 1, "CPUs": 4}, "1640188697.263875": {"GPUs": 1, "CPUs": 3}, "1640188697.763895": {"GPUs": 1, "CPUs": 2}, "1640188705.264625": {"GPUs": 1, "CPUs": 1}, "1640188705.763876": {"GPUs": 1, "CPUs": 3}, "1640188706.264614": {"GPUs": 1, "CPUs": 3}, "1640188706.763872": {"GPUs": 1, "CPUs": 2}, "1640188707.263897": {"GPUs": 1, "CPUs": 1}, "1640188707.763882": {"GPUs": 1, "CPUs": 2}, "1640188708.263907": {"GPUs": 1, "CPUs": 2}, "1640188708.763903": {"GPUs": 1, "CPUs": 1}, "1640188714.764594": {"GPUs": 1, "CPUs": 1}, "1640188715.263873": {"GPUs": 1, "CPUs": 1}, "1640188719.763875": {"GPUs": 1, "CPUs": 2}, "1640188720.26388": {"GPUs": 1, "CPUs": 2}, "1640188720.763877": {"GPUs": 1, "CPUs": 1}, "1640188721.263874": {"GPUs": 1, "CPUs": 3}, "1640188721.763882": {"GPUs": 1, "CPUs": 1}, "1640188722.263883": {"GPUs": 1, "CPUs": 1}, "1640188722.763883": {"GPUs": 1, "CPUs": 1}, "1640188737.763872": {"GPUs": 1, "CPUs": 2}, "1640188738.263901": {"GPUs": 1, "CPUs": 2}, "1640188739.263863": {"GPUs": 1, "CPUs": 2}, "1640188739.763882": {"GPUs": 1, "CPUs": 1}, "1640188740.263901": {"GPUs": 1, "CPUs": 1}, "1640188740.763878": {"GPUs": 1, "CPUs": 2}, "1640188741.263897": {"GPUs": 1, "CPUs": 2}, "1640188741.763871": {"GPUs": 1, "CPUs": 1}, "1640188742.264614": {"GPUs": 1, "CPUs": 3}, "1640188742.763871": {"GPUs": 1, "CPUs": 4}, "1640188743.263875": {"GPUs": 1, "CPUs": 2}, "1640188743.763928": {"GPUs": 1, "CPUs": 3}, "1640188744.263858": {"GPUs": 1, "CPUs": 2}, "1640188744.76389": {"GPUs": 1, "CPUs": 2}, "1640188745.263862": {"GPUs": 1, "CPUs": 2}, "1640188745.763892": {"GPUs": 1, "CPUs": 1}, "1640188746.263878": {"GPUs": 1, "CPUs": 2}, "1640188746.763884": {"GPUs": 1, "CPUs": 2}, "1640188754.263865": {"GPUs": 1, "CPUs": 3}, "1640188755.763881": {"GPUs": 1, "CPUs": 1}, "1640188756.263882": {"GPUs": 1, "CPUs": 1}, "1640188756.763882": {"GPUs": 1, "CPUs": 2}, "1640188757.263881": {"GPUs": 1, "CPUs": 2}, "1640188757.763885": {"GPUs": 1, "CPUs": 2}, "1640188758.263831": {"GPUs": 1, "CPUs": 2}, "1640188758.763879": {"GPUs": 1, "CPUs": 1}, "1640188759.263886": {"GPUs": 1, "CPUs": 2}, "1640188759.763909": {"GPUs": 1, "CPUs": 2}, "1640188772.763884": {"GPUs": 1, "CPUs": 1}, "1640188773.263863": {"GPUs": 1, "CPUs": 1}, "1640188773.763919": {"GPUs": 1, "CPUs": 2}, "1640188774.26386": {"GPUs": 1, "CPUs": 3}, "1640188774.763869": {"GPUs": 1, "CPUs": 3}, "1640188775.263871": {"GPUs": 1, "CPUs": 3}, "1640188775.763865": {"GPUs": 1, "CPUs": 2}, "1640188776.263873": {"GPUs": 1, "CPUs": 2}, "1640188776.763867": {"GPUs": 1, "CPUs": 2}, "1640188777.263869": {"GPUs": 1, "CPUs": 3}, "1640188777.76388": {"GPUs": 1, "CPUs": 2}, "1640188778.263865": {"GPUs": 1, "CPUs": 2}, "1640188778.763871": {"GPUs": 1, "CPUs": 2}, "1640188779.263866": {"GPUs": 1, "CPUs": 3}, "1640188779.763864": {"GPUs": 1, "CPUs": 2}, "1640188780.263882": {"GPUs": 1, "CPUs": 3}, "1640188790.263869": {"GPUs": 1, "CPUs": 1}, "1640188808.763866": {"GPUs": 1, "CPUs": 1}, "1640188809.763876": {"GPUs": 1, "CPUs": 1}, "1640188810.7639": {"GPUs": 1, "CPUs": 1}, "1640188941.763875": {"GPUs": 1, "CPUs": 1}, "1640188942.263903": {"GPUs": 1, "CPUs": 1}, "1640188942.764209": {"GPUs": 1, "CPUs": 1}}}, "Datapoints": 797, "RuleParameters": "threshold:50\nio_threshold:50\ngpu_threshold:10\npatience:1000"}