{"RuleTriggered": 0, "Violations": 0, "Details": {"step_num": {"first": 1640188811818880, "last": 1640189039098214}, "job_start": 1640188643.763866, "job_end": 1640189039.764344}, "Datapoints": 211, "RuleParameters": "threshold:20"}