{"RuleTriggered": 0, "Violations": 0, "Details": {"ratio": {"gpu_functions-dev:0": 56.15903949206965, "cpu_functions": 43.84096050793035}, "phase": {"Step:ModeKeys.TRAIN": 22.935472456640003, "others": 70.0537246081989, "Step:ModeKeys.EVAL": 7.010802935161088}, "phase_time": {}, "GPU": {"batch_norm": 4.238023070393371, "_batch_norm_impl_index": 4.220418321126364, "cudnn_batch_norm": 4.0978912839643025, "to": 19.533281450607127, "copy_": 21.11147407945321, "conv2d": 10.134756536910755, "convolution": 10.114669971987766, "_convolution": 10.031771275869145, "cudnn_convolution": 9.8437485182249, "addmm": 6.673965491463059}, "GPU_total": {"batch_norm": 420077, "_batch_norm_impl_index": 418332, "cudnn_batch_norm": 406187, "to": 1936158, "copy_": 2092590, "conv2d": 1004567, "convolution": 1002576, "_convolution": 994359, "cudnn_convolution": 975722, "addmm": 661530}, "CPU": {"size": 2.8883365164167714, "batch_norm": 4.8355775318385845, "contiguous": 3.5082930679680975, "to": 26.73370888730644, "copy_": 28.817425531820252, "conv2d": 7.822122584903678, "convolution": 7.22029538852556, "_convolution": 6.75013179165071, "cudnn_convolution": 2.4601602365415816, "addmm": 8.963948463028313}, "CPU_total": {"size": 214283, "batch_norm": 358747, "contiguous": 260277, "to": 1983349, "copy_": 2137938, "conv2d": 580316, "convolution": 535667, "_convolution": 500786, "cudnn_convolution": 182517, "addmm": 665027}, "general": {"Forward": 100.0}}, "Datapoints": 0, "RuleParameters": ""}