{"RuleTriggered": 0, "Violations": 0, "Details": {"step_details": {"algo-1-26": {"step_stats": {"mean": 0.15494793401015228, "max": 3.260424, "p99": 3.0629770799999996, "p95": 0.2651463999999869, "p50": 0.01878, "min": 0.015363}, "number_of_outliers": 9, "phase": "Step:ModeKeys.TRAIN", "stddev": 0.6, "probs": [185, 2, 0, 0, 0, 0, 0, 0, 0, 0, 0, 0, 0, 0, 0, 0, 0, 0, 0, 0, 0, 0, 0, 0, 0, 0, 0, 0, 0, 0, 0, 0, 0, 0, 0, 0, 0, 0, 0, 0, 0, 0, 0, 0, 0, 0, 0, 0, 0, 0, 0, 0, 0, 0, 0, 0, 0, 0, 0, 0, 0, 0, 0, 0, 0, 0, 0, 0, 0, 0, 0, 0, 0, 0, 0, 0, 0, 0, 0, 0, 0, 0, 0, 0, 0, 0, 0, 0, 0, 0, 0, 0, 0, 0, 0, 0, 0, 0, 0, 1], "binedges": [0.015363, 0.02705573, 0.03874846, 0.050441190000000004, 0.06213392, 0.07382665, 0.08551938, 0.09721211, 0.10890484, 0.12059757, 0.1322903, 0.14398302999999998, 0.15567576, 0.16736848999999998, 0.17906122, 0.19075394999999998, 0.20244668, 0.21413941, 0.22583214, 0.23752487, 0.24921759999999998, 0.26091033, 0.27260306, 0.28429579, 0.29598852000000003, 0.30768125, 0.31937398, 0.33106671000000004, 0.34275944, 0.35445217, 0.3661449, 0.37783763000000004, 0.38953036, 0.40122309, 0.41291582000000004, 0.42460855000000003, 0.43630128, 0.44799401, 0.45968674000000004, 0.47137947, 0.4830722, 0.49476493000000005, 0.50645766, 0.5181503900000001, 0.52984312, 0.54153585, 0.55322858, 0.56492131, 0.57661404, 0.58830677, 0.5999995, 0.6116922300000001, 0.62338496, 0.63507769, 0.6467704200000001, 0.65846315, 0.67015588, 0.6818486100000001, 0.69354134, 0.70523407, 0.7169268, 0.72861953, 0.74031226, 0.75200499, 0.76369772, 0.7753904500000001, 0.78708318, 0.79877591, 0.8104686400000001, 0.82216137, 0.8338541, 0.84554683, 0.85723956, 0.86893229, 0.88062502, 0.89231775, 0.9040104800000001, 0.91570321, 0.92739594, 0.9390886700000001, 0.9507814, 0.96247413, 0.9741668600000001, 0.98585959, 0.99755232, 1.0092450499999999, 1.0209377800000001, 1.03263051, 1.04432324, 1.05601597, 1.0677087, 1.07940143, 1.09109416, 1.10278689, 1.11447962, 1.12617235, 1.13786508, 1.1495578100000001, 1.16125054, 1.17294327, 1.184636], "step_numbers": ["1", "2", "3", "4", "5", "6", "7", "8", "9"]}}}, "Datapoints": 211, "RuleParameters": "threshold:3\nmode:None\nn_outliers:10\nstddev:3"}